{"p_loss": [[4.774894714355469, 4.5889129638671875, 4.464198589324951, 4.381566047668457, 4.326868534088135, 4.290767669677734, 4.267098903656006, 4.251678943634033, 4.241608142852783, 4.234922885894775, 4.230328559875488, 4.227001667022705, 4.2244486808776855, 4.222347736358643, 4.220532417297363, 4.218899726867676, 4.2173943519592285, 4.216000080108643, 4.2147064208984375, 4.213508605957031, 4.212398529052734, 4.211369037628174, 4.210402965545654, 4.20950984954834, 4.208697319030762, 4.207982063293457, 4.207345485687256, 4.206762790679932, 4.20620059967041, 4.205632209777832, 4.205066204071045, 4.204504013061523, 4.203933238983154, 4.203366279602051, 4.202808380126953, 4.202250957489014, 4.201705455780029, 4.201172828674316, 4.200660705566406, 4.200170516967773, 4.199710845947266, 4.199284076690674, 4.198886394500732, 4.1985273361206055, 4.1981964111328125, 4.19789457321167, 4.197617530822754, 4.197359085083008, 4.19711446762085, 4.196878433227539, 4.196641445159912, 4.196395397186279, 4.196131229400635, 4.1958417892456055, 4.1955108642578125, 4.195123195648193, 4.194659233093262, 4.194102764129639, 4.1934332847595215, 4.19261360168457, 4.1916069984436035, 4.190370559692383, 4.188934803009033, 4.187353134155273, 4.1856255531311035, 4.183701515197754, 4.181571960449219, 4.179416656494141, 4.177605152130127, 4.176416873931885, 4.175774097442627, 4.1754655838012695, 4.175307750701904, 4.175239086151123, 4.175204753875732, 4.1751885414123535, 4.175182342529297, 4.175179481506348, 4.175178527832031, 4.175177097320557, 4.175176620483398, 4.175176620483398, 4.175176620483398, 4.17517614364624]], "d_loss": [[5.014291763305664, 4.828579425811768, 4.704921245574951, 4.622971534729004, 4.568012237548828, 4.530709743499756, 4.505151748657227, 4.487452983856201, 4.474993705749512, 4.466017723083496, 4.459362030029297, 4.454246997833252, 4.450174808502197, 4.446783065795898, 4.443848133087158, 4.4412007331848145, 4.438737392425537, 4.436384677886963, 4.434098243713379, 4.431853294372559, 4.429657936096191, 4.427560329437256, 4.425619602203369, 4.423901081085205, 4.422452926635742, 4.421292304992676, 4.42036771774292, 4.419623374938965, 4.4189839363098145, 4.418385028839111, 4.417809963226318, 4.417243003845215, 4.416656970977783, 4.41606330871582, 4.415464878082275, 4.414854049682617, 4.414246559143066, 4.413643836975098, 4.413058757781982, 4.4124884605407715, 4.411949157714844, 4.411443710327148, 4.410964488983154, 4.4105224609375, 4.410109996795654, 4.409719944000244, 4.409357070922852, 4.409004211425781, 4.408659934997559, 4.408316135406494, 4.407958984375, 4.4075727462768555, 4.407142162322998, 4.406633377075195, 4.406009197235107, 4.4052228927612305, 4.404193878173828, 4.402855396270752, 4.401165962219238, 4.399173259735107, 4.39710807800293, 4.395233154296875, 4.393640518188477, 4.392210960388184, 4.390801906585693, 4.389284610748291, 4.387567043304443, 4.3857808113098145, 4.3843183517456055, 4.383469581604004, 4.383123397827148, 4.383027076721191, 4.382992267608643, 4.382991790771484, 4.3829874992370605, 4.382985591888428, 4.3829851150512695, 4.382984161376953, 4.382984638214111, 4.382984161376953, 4.382983684539795, 4.382983684539795, 4.382983684539795, 4.382983684539795]]}