{"p_loss": [[4.819575786590576, 4.683908939361572, 4.640213966369629, 4.656418323516846, 4.720057964324951, 4.7592058181762695, 4.777740478515625, 4.79352331161499, 4.818142890930176, 4.81663179397583, 4.800722599029541, 4.785343170166016, 4.768132209777832, 4.746062755584717, 4.725035190582275, 4.7077131271362305, 4.693146228790283, 4.680530071258545, 4.669873237609863, 4.661341667175293, 4.654707431793213, 4.649570465087891, 4.645511150360107, 4.642213821411133, 4.639482498168945, 4.6371941566467285, 4.635279178619385, 4.633692741394043, 4.632388114929199, 4.6313557624816895, 4.630531311035156, 4.629913806915283, 4.629465103149414, 4.6291584968566895, 4.628983020782471, 4.628922462463379, 4.628961086273193, 4.629080772399902, 4.6292805671691895, 4.629538536071777, 4.62985372543335, 4.6302056312561035, 4.630587577819824, 4.630986213684082, 4.631389617919922, 4.631793022155762, 4.632188320159912, 4.632558822631836, 4.632918357849121, 4.633253574371338, 4.633555889129639, 4.633831977844238, 4.634072303771973, 4.63429069519043, 4.63447904586792, 4.634644508361816, 4.634783744812012, 4.634904861450195, 4.6350016593933105, 4.635087013244629, 4.6351494789123535, 4.635207653045654, 4.635249137878418, 4.635281085968018, 4.635305881500244, 4.6353278160095215, 4.635341167449951, 4.635352611541748, 4.635361194610596, 4.635365962982178, 4.635365962982178, 4.635370254516602, 4.635368824005127]], "d_loss": [[7.277830600738525, 6.776700496673584, 6.42903995513916, 6.111809253692627, 5.858173847198486, 5.741365432739258, 5.646265983581543, 5.555180549621582, 5.4717254638671875, 5.4087114334106445, 5.3563737869262695, 5.3016533851623535, 5.253049850463867, 5.227899074554443, 5.209507942199707, 5.193477153778076, 5.178685188293457, 5.164945602416992, 5.152895450592041, 5.142993927001953, 5.135081768035889, 5.128775119781494, 5.123630523681641, 5.1193084716796875, 5.115600109100342, 5.112371444702148, 5.109555244445801, 5.1070733070373535, 5.104879856109619, 5.102968692779541, 5.101278305053711, 5.099788665771484, 5.098476409912109, 5.0973124504089355, 5.096279144287109, 5.095372200012207, 5.094570636749268, 5.093862056732178, 5.093250751495361, 5.09272575378418, 5.0922770500183105, 5.091894149780273, 5.09158182144165, 5.091318130493164, 5.091108798980713, 5.0909342765808105, 5.090799808502197, 5.0906877517700195, 5.090606689453125, 5.090546607971191, 5.09049654006958, 5.090457916259766, 5.090421676635742, 5.090401649475098, 5.090384483337402, 5.090371131896973, 5.090359687805176, 5.090353965759277, 5.090345859527588, 5.090346336364746, 5.090338706970215, 5.090336799621582, 5.090333938598633, 5.090330123901367, 5.090332984924316, 5.090333938598633, 5.090334892272949, 5.090332984924316, 5.090333938598633, 5.090330600738525, 5.090326309204102, 5.090328216552734, 5.090327739715576]]}