{"p_loss": [[4.745303630828857, 4.6417317390441895, 4.6100640296936035, 4.609713077545166, 4.617770671844482, 4.6298394203186035, 4.641918659210205, 4.650931358337402, 4.653264999389648, 4.645558834075928, 4.63596773147583, 4.637660503387451, 4.644595146179199, 4.651220798492432, 4.647841453552246, 4.644485950469971, 4.639875411987305, 4.628461837768555, 4.61329984664917, 4.600325584411621, 4.590014457702637, 4.598810195922852, 4.566257953643799, 4.542479038238525, 4.523751258850098, 4.508494853973389, 4.495770454406738, 4.485108375549316, 4.486789703369141, 4.472856044769287, 4.452395439147949, 4.440381050109863, 4.431736946105957, 4.425325870513916, 4.42017126083374, 4.403877258300781, 4.395814418792725, 4.388149738311768, 4.381375312805176, 4.375837326049805, 4.37141752243042, 4.368687629699707, 4.36704158782959, 4.352577209472656, 4.33707857131958, 4.3281097412109375, 4.320868015289307, 4.316688060760498, 4.313755035400391, 4.311845302581787, 4.310654640197754, 4.309896945953369, 4.309386730194092, 4.309006214141846, 4.308650970458984, 4.30817985534668, 4.307696342468262, 4.30731725692749, 4.306958198547363, 4.306624412536621, 4.306321620941162, 4.306070804595947, 4.305570125579834, 4.304588317871094, 4.303402900695801, 4.3021345138549805, 4.300845623016357, 4.299213409423828, 4.296006679534912, 4.293838977813721, 4.292492389678955, 4.291505336761475, 4.29079008102417, 4.290260314941406, 4.289902210235596, 4.28959321975708, 4.289379119873047, 4.289182186126709, 4.288999557495117, 4.288804531097412, 4.2885870933532715, 4.2883806228637695, 4.288142681121826, 4.2878875732421875, 4.287615776062012, 4.287238121032715, 4.286977291107178, 4.286518573760986, 4.285759925842285, 4.284418106079102, 4.283707618713379, 4.283595561981201, 4.2836689949035645, 4.283557891845703, 4.2836503982543945, 4.283664226531982, 4.283479690551758, 4.283540725708008, 4.283665180206299, 4.283670902252197, 4.283550262451172, 4.283541202545166, 4.283450603485107, 4.283649444580078, 4.283648490905762]], "d_loss": [[6.858675479888916, 6.370158672332764, 5.985450267791748, 5.779261589050293, 5.64048957824707, 5.5374674797058105, 5.458613872528076, 5.395988941192627, 5.340747833251953, 5.285879135131836, 5.233458995819092, 5.196151256561279, 5.1621856689453125, 5.126284599304199, 5.1075119972229, 5.094614028930664, 5.078234672546387, 4.998165607452393, 4.980530261993408, 4.963199138641357, 4.944949626922607, 4.856045246124268, 4.828012466430664, 4.805816650390625, 4.785731315612793, 4.766940116882324, 4.749150276184082, 4.73147439956665, 4.696048259735107, 4.638798713684082, 4.610397815704346, 4.596550464630127, 4.5863261222839355, 4.578560829162598, 4.571650981903076, 4.552664279937744, 4.544217586517334, 4.536269187927246, 4.529167175292969, 4.523118019104004, 4.518128871917725, 4.515007019042969, 4.513115882873535, 4.497325420379639, 4.47769021987915, 4.468198299407959, 4.457390785217285, 4.452525615692139, 4.4490580558776855, 4.446694374084473, 4.445098876953125, 4.443961143493652, 4.443079471588135, 4.442333698272705, 4.441617488861084, 4.440790176391602, 4.439914703369141, 4.439085006713867, 4.438291072845459, 4.437565326690674, 4.436892509460449, 4.436121940612793, 4.434971809387207, 4.4334845542907715, 4.431843280792236, 4.430069446563721, 4.4280314445495605, 4.4249067306518555, 4.420982360839844, 4.418454170227051, 4.416870594024658, 4.4157185554504395, 4.4148850440979, 4.414284706115723, 4.4138569831848145, 4.413557529449463, 4.413329601287842, 4.413150787353516, 4.4129838943481445, 4.412820816040039, 4.412652969360352, 4.412477970123291, 4.412301063537598, 4.412121295928955, 4.411942481994629, 4.411748886108398, 4.411515712738037, 4.4112019538879395, 4.410658359527588, 4.409647464752197, 4.4090657234191895, 4.409008502960205, 4.408999443054199, 4.40899658203125, 4.408998489379883, 4.408998012542725, 4.40899658203125, 4.408993244171143, 4.408995151519775, 4.408995151519775, 4.408995151519775, 4.408996105194092, 4.408997058868408, 4.408996105194092, 4.408998489379883]]}