{"p_loss": [[5.923676013946533, 5.588070392608643, 5.3898749351501465, 5.252359390258789, 5.163203716278076, 5.112115383148193, 5.089450836181641, 5.077142715454102, 5.067408561706543, 5.058018207550049, 5.0475172996521, 5.035162448883057, 5.0209879875183105, 5.005767345428467, 4.991063117980957, 4.977819442749023, 4.9613566398620605, 4.939222812652588, 4.917612075805664, 4.898970603942871, 4.883125305175781, 4.869548797607422, 4.857800006866455, 4.847507476806641, 4.838392734527588, 4.830240726470947, 4.822902202606201, 4.816250324249268, 4.81020450592041, 4.804708480834961, 4.799707412719727, 4.795158386230469, 4.791045188903809, 4.787332534790039, 4.784008502960205, 4.781040668487549, 4.778431415557861, 4.776145935058594, 4.774176120758057, 4.772511959075928, 4.771129608154297, 4.770017147064209, 4.769153594970703, 4.768514156341553, 4.76808500289917, 4.767843246459961, 4.767767429351807, 4.767840385437012, 4.768031120300293, 4.7683210372924805, 4.768696308135986, 4.769131183624268, 4.769609451293945, 4.770117282867432, 4.77063512802124, 4.771164417266846, 4.7716827392578125, 4.772180080413818, 4.772660255432129, 4.7731170654296875, 4.773542881011963, 4.773935317993164, 4.774276256561279, 4.774580001831055, 4.774831295013428, 4.775030136108398, 4.775160789489746, 4.775219917297363, 4.775179862976074, 4.775018692016602, 4.774698734283447, 4.774168968200684, 4.773386001586914, 4.772392749786377, 4.771385192871094, 4.770638465881348, 4.770204067230225, 4.76999044418335, 4.769906044006348, 4.76988410949707, 4.769903182983398, 4.769943714141846, 4.769987106323242, 4.770036697387695, 4.7700886726379395, 4.770131587982178, 4.770167827606201, 4.770198822021484, 4.770227432250977, 4.770246505737305, 4.770266532897949, 4.770273685455322, 4.770284175872803, 4.770288944244385, 4.770298480987549, 4.7703022956848145, 4.770301342010498, 4.7703022956848145]], "d_loss": [[8.532428741455078, 7.761437892913818, 7.2504119873046875, 6.873119831085205, 6.578390598297119, 6.356060981750488, 6.201016426086426, 6.088466644287109, 6.00126838684082, 5.931177139282227, 5.872644424438477, 5.821462154388428, 5.774250507354736, 5.728121757507324, 5.681293487548828, 5.636655330657959, 5.601377010345459, 5.574086666107178, 5.551284313201904, 5.531702041625977, 5.514678955078125, 5.499763011932373, 5.486631870269775, 5.4750142097473145, 5.464702129364014, 5.455494403839111, 5.447237014770508, 5.43979024887085, 5.433029651641846, 5.426871299743652, 5.4212260246276855, 5.416015625, 5.411211967468262, 5.406755447387695, 5.4026198387146, 5.398775577545166, 5.395223140716553, 5.3919172286987305, 5.388865947723389, 5.3860673904418945, 5.383498668670654, 5.38114595413208, 5.379024505615234, 5.377097129821777, 5.375370025634766, 5.373830795288086, 5.372465133666992, 5.3712568283081055, 5.370195388793945, 5.369268417358398, 5.368459701538086, 5.367753982543945, 5.3671488761901855, 5.366611957550049, 5.366148471832275, 5.365750312805176, 5.365386486053467, 5.3650712966918945, 5.364794731140137, 5.364546775817871, 5.364327907562256, 5.364123821258545, 5.363925933837891, 5.363745212554932, 5.363567352294922, 5.363389492034912, 5.3632049560546875, 5.363005638122559, 5.36277961730957, 5.362508773803711, 5.36216402053833, 5.361720085144043, 5.361129283905029, 5.360407829284668, 5.359677314758301, 5.359124183654785, 5.358776092529297, 5.3585662841796875, 5.358430862426758, 5.358334541320801, 5.35827112197876, 5.3582305908203125, 5.358195781707764, 5.358171463012695, 5.35815954208374, 5.358152389526367, 5.358147144317627, 5.358142375946045, 5.3581438064575195, 5.35814094543457, 5.358145713806152, 5.358139991760254, 5.35814094543457, 5.358142375946045, 5.3581414222717285, 5.358141899108887, 5.358138561248779, 5.358143329620361]]}