{"p_loss": [[4.402276039123535, 4.296904563903809, 4.234077453613281, 4.193761825561523, 4.163859844207764, 4.148515224456787, 4.140926361083984, 4.1342387199401855, 4.12740421295166, 4.120631217956543, 4.122668743133545, 4.124146938323975, 4.1281890869140625, 4.126203536987305, 4.125767230987549, 4.122372627258301, 4.121087551116943, 4.123778820037842, 4.120884418487549, 4.118303298950195, 4.116009712219238, 4.114175319671631, 4.112274646759033, 4.109799385070801, 4.10662317276001, 4.1042256355285645, 4.102416038513184, 4.101210594177246, 4.100398540496826, 4.09979772567749, 4.0993547439575195, 4.099010944366455, 4.098730087280273, 4.098503112792969, 4.098305702209473, 4.09812593460083, 4.097937107086182, 4.097615718841553, 4.097420692443848, 4.097271919250488, 4.097131729125977, 4.097015380859375, 4.09690523147583, 4.096809387207031, 4.09671688079834, 4.096627712249756, 4.09655237197876, 4.096478462219238, 4.096409320831299, 4.096343517303467, 4.096283435821533, 4.096224308013916, 4.096168041229248, 4.096109390258789, 4.096052169799805, 4.09599494934082, 4.095937728881836, 4.095873832702637, 4.095810413360596, 4.095736503601074, 4.095651626586914, 4.095546722412109, 4.0954108238220215, 4.095221996307373, 4.094941139221191, 4.094542503356934, 4.094055652618408, 4.0936479568481445, 4.093411445617676, 4.093294620513916, 4.093236446380615, 4.093210220336914, 4.093196392059326, 4.09318733215332, 4.093184947967529, 4.093186855316162, 4.093183517456055, 4.093184947967529, 4.0931854248046875, 4.0931854248046875, 4.093184947967529]], "d_loss": [[4.629787445068359, 4.514450550079346, 4.441224575042725, 4.389978408813477, 4.35003137588501, 4.3274736404418945, 4.315852165222168, 4.3065714836120605, 4.2979583740234375, 4.288471698760986, 4.259885311126709, 4.251068115234375, 4.241298675537109, 4.235780239105225, 4.225627422332764, 4.219817638397217, 4.214018821716309, 4.206971168518066, 4.202211380004883, 4.198317050933838, 4.194818496704102, 4.191325664520264, 4.187690734863281, 4.1841301918029785, 4.179871082305908, 4.1770782470703125, 4.175090312957764, 4.173774719238281, 4.172997951507568, 4.1724629402160645, 4.172067642211914, 4.171756744384766, 4.171507358551025, 4.171308994293213, 4.171142578125, 4.170995712280273, 4.170821666717529, 4.17053747177124, 4.17035436630249, 4.170253276824951, 4.170179843902588, 4.1701340675354, 4.170097827911377, 4.170074939727783, 4.170053005218506, 4.17003059387207, 4.17002010345459, 4.170008182525635, 4.1699981689453125, 4.1699910163879395, 4.169987201690674, 4.169981002807617, 4.169978618621826, 4.169974327087402, 4.169971466064453, 4.1699700355529785, 4.169968605041504, 4.169966697692871, 4.169966220855713, 4.169963836669922, 4.16996431350708, 4.16995906829834, 4.169956684112549, 4.169948101043701, 4.169929504394531, 4.169900894165039, 4.169850826263428, 4.169794082641602, 4.169766426086426, 4.16975736618042, 4.1697540283203125, 4.169755935668945, 4.169755935668945, 4.1697516441345215, 4.169753551483154, 4.1697564125061035, 4.169754981994629, 4.169755458831787, 4.1697564125061035, 4.169755935668945, 4.1697564125061035]]}