{"p_loss": [[4.447237014770508, 4.33150577545166, 4.267513751983643, 4.231903553009033, 4.210367202758789, 4.198294639587402, 4.195107460021973, 4.20177698135376, 4.194225311279297, 4.189545631408691, 4.1864705085754395, 4.184301376342773, 4.182735919952393, 4.181665897369385, 4.181000232696533, 4.180599689483643, 4.180389881134033, 4.180332660675049, 4.1803789138793945, 4.180484771728516, 4.1806111335754395, 4.180741786956787, 4.180865287780762, 4.180972576141357, 4.181072235107422, 4.181151390075684, 4.181221961975098, 4.181281566619873, 4.18133544921875, 4.181387424468994, 4.181429862976074, 4.18147087097168, 4.181509971618652, 4.181542873382568, 4.181577682495117, 4.181606769561768, 4.181636333465576, 4.181666374206543, 4.181694984436035, 4.18172025680542, 4.181746006011963, 4.181768894195557, 4.181797981262207, 4.181824207305908, 4.181849002838135, 4.181875705718994, 4.181901454925537, 4.181928634643555, 4.181958198547363, 4.18199348449707, 4.18202018737793, 4.182057857513428, 4.182090759277344, 4.182129859924316, 4.182160377502441, 4.182168006896973, 4.182101726531982, 4.181874752044678, 4.181399345397949, 4.18079137802124, 4.179779529571533, 4.179162979125977, 4.1789045333862305, 4.178775310516357, 4.178686618804932, 4.178606986999512, 4.178518772125244, 4.178412914276123, 4.178292751312256, 4.1781535148620605, 4.178001880645752, 4.1778340339660645, 4.177669048309326, 4.177506446838379, 4.1773576736450195, 4.177231788635254, 4.177130222320557, 4.1770548820495605, 4.177002906799316, 4.176965713500977, 4.176941871643066, 4.176921844482422, 4.176911354064941, 4.176906108856201, 4.1768999099731445, 4.176897048950195, 4.1768975257873535, 4.1768975257873535, 4.1768975257873535, 4.1768975257873535, 4.1768975257873535]], "d_loss": [[4.692178726196289, 4.560553550720215, 4.482215881347656, 4.439173221588135, 4.41241455078125, 4.394218444824219, 4.379980564117432, 4.366772174835205, 4.359976291656494, 4.355683326721191, 4.35246467590332, 4.349770545959473, 4.3473896980285645, 4.345366477966309, 4.343856334686279, 4.342872142791748, 4.3422346115112305, 4.341792583465576, 4.341470718383789, 4.341238975524902, 4.341060638427734, 4.34092378616333, 4.340816020965576, 4.3407301902771, 4.340665817260742, 4.340602874755859, 4.340548515319824, 4.3405022621154785, 4.340455055236816, 4.340417385101318, 4.340375900268555, 4.340338230133057, 4.340295314788818, 4.3402533531188965, 4.340208053588867, 4.3401618003845215, 4.34011173248291, 4.340060234069824, 4.340010166168213, 4.339945316314697, 4.33988094329834, 4.339810848236084, 4.3397393226623535, 4.33965539932251, 4.339564323425293, 4.339465618133545, 4.339355945587158, 4.339231014251709, 4.339088439941406, 4.338927268981934, 4.338728904724121, 4.338499069213867, 4.338207721710205, 4.337835311889648, 4.337334632873535, 4.336623668670654, 4.335530757904053, 4.3336992263793945, 4.330468654632568, 4.326666831970215, 4.32522439956665, 4.324962615966797, 4.3248982429504395, 4.324853897094727, 4.32481575012207, 4.324773788452148, 4.324730396270752, 4.324676990509033, 4.3246259689331055, 4.324575901031494, 4.324529647827148, 4.324484825134277, 4.3244547843933105, 4.324425220489502, 4.324411869049072, 4.324394702911377, 4.324387550354004, 4.324385166168213, 4.3243865966796875, 4.324384689331055, 4.324386119842529, 4.32438325881958, 4.324382305145264, 4.324383735656738, 4.324380874633789, 4.3243818283081055, 4.32438325881958, 4.324385166168213, 4.3243842124938965, 4.3243842124938965, 4.3243842124938965]]}